id,date,rating,lang,comment
1,2026-09-01,1,en,The app crashes every time I open the camera. Please fix!
2,2026-09-01,5,es,Me encanta la nueva función de búsqueda.
3,2026-09-02,2,de,Die Synchronisierung ist sehr langsam seit dem letzten Update.
4,2026-09-02,4,ja,使いやすいですが、ダークモードが欲しいです。
5,2026-09-03,1,pt,Fui cobrado duas vezes. Quero meu reembolso.
6,2026-09-03,3,hi,ऐप अच्छा है लेकिन लॉगिन में बहुत समय लगता है।
7,2026-09-04,2,fr,Impossible de me connecter depuis hier soir.
8,2026-09-04,5,ar,تطبيق رائع وسهل الاستخدام.
9,2026-09-05,1,id,Notifikasi tidak muncul sama sekali.
10,2026-09-05,4,zh,界面很漂亮，但是希望可以导出数据。
